Time,True_theta,True_theta_dot,Meas_theta,Meas_theta_dot,Est_theta,Est_theta_dot
0,0.1,0,0.311917,-0.246072,0.1,0
0.01,0.100001,0.000189375,0.71199,0.230698,0.17525,-0.0869959
0.02,0.100004,0.000377383,-0.799326,-0.40964,0.298966,-0.0265865
0.03,0.100008,0.000563847,-0.12038,-0.0549565,0.0936713,-0.0807344
0.04,0.100015,0.000748596,0.135717,0.176316,0.0572458,-0.0699139
0.05,0.100023,0.000931458,0.0286855,-0.414613,0.0592294,-0.0294951
0.06,0.100034,0.00111227,-0.137802,0.0110502,0.0690052,-0.0786145
0.07,0.100046,0.00129086,0.0475091,-0.190024,0.0439025,-0.0513225
0.08,0.100059,0.00146708,0.163772,0.100784,0.0490765,-0.0593057
0.09,0.100075,0.00164076,0.0845781,-0.341809,0.0527548,-0.036956
0.1,0.100092,0.00181175,-0.13475,0.509104,0.0658291,-0.0614154
0.11,0.100111,0.0019799,0.955529,-0.0448637,0.0320795,0.00327585
0.12,0.100132,0.00214507,0.448597,-0.904232,0.0905539,-0.0242225
0.13,0.100154,0.00230711,-0.392272,0.502929,0.139975,-0.110856
0.14,0.100178,0.00246588,-0.0726579,0.507919,0.091203,-0.0499345
0.15,0.100203,0.00262124,-0.418014,0.169485,0.0651514,0.00269576
0.16,0.10023,0.00277308,-0.516003,0.255946,0.0391593,0.0320518
0.17,0.100259,0.00292125,-0.0576597,-0.31212,0.0106406,0.0684268
0.18,0.100289,0.00306564,0.0214515,-0.203308,0.020518,0.0518293
0.19,0.10032,0.00320614,0.637376,0.0330162,0.0286762,0.0394498
0.2,0.100353,0.00334262,-0.305353,0.315676,0.0487202,0.0312927
0.21,0.100387,0.00347497,0.631957,-0.0732798,0.031017,0.0632378
0.22,0.100422,0.00360311,0.218257,0.354904,0.051696,0.0426741
0.23,0.100459,0.00372692,0.834681,1.19153,0.0486066,0.0672797
0.24,0.100497,0.00384631,-0.574776,0.20993,0.0402339,0.12808
0.25,0.100536,0.0039612,0.423202,0.0423873,0.0260597,0.14857
0.26,0.100576,0.0040715,0.0811059,-0.373117,0.038288,0.139426
0.27,0.100617,0.00417712,-0.0225009,-0.225389,0.05206,0.115333
0.28,0.10066,0.004278,0.51683,-0.694747,0.0591652,0.0981106
0.29,0.100703,0.00437407,0.40381,-0.351443,0.0841651,0.0451603
0.3,0.100747,0.00446526,0.39693,0.316817,0.0974101,0.013751
0.31,0.100792,0.00455152,0.208625,0.0821887,0.0962496,0.0260419
0.32,0.100838,0.00463279,-0.00906354,-0.0705908,0.0971382,0.0308866
0.33,0.100885,0.00470901,-0.243321,0.525609,0.0978416,0.0277967
0.34,0.100932,0.00478016,-0.603051,0.54688,0.085696,0.0657195
0.35,0.10098,0.00484619,0.386282,0.556483,0.0706972,0.105899
0.36,0.101029,0.00490707,-0.316562,-0.909387,0.0684836,0.134578
0.37,0.101079,0.00496277,0.451787,0.483249,0.0811116,0.0816015
0.38,0.101128,0.00501327,-0.516347,-0.269968,0.0799201,0.0984251
0.39,0.101179,0.00505855,-0.0244015,0.153933,0.0802801,0.0854637
0.4,0.10123,0.0050986,0.903656,-0.0216525,0.0792934,0.0887492
0.41,0.101281,0.00513342,0.360973,0.434983,0.0884053,0.0715768
0.42,0.101332,0.00516299,-0.533083,0.138276,0.0870281,0.087626
0.43,0.101384,0.00518734,0.186505,-0.4546,0.082654,0.098577
0.44,0.101436,0.00520646,0.416713,0.0659174,0.0903721,0.0735542
0.45,0.101488,0.00522037,0.262898,0.277166,0.0933886,0.0670837
0.46,0.10154,0.00522909,0.054468,-0.650819,0.0931033,0.0744751
0.47,0.101593,0.00523264,-0.325651,0.404429,0.100353,0.0395553
0.48,0.101645,0.00523105,-0.0522325,-0.180257,0.0949435,0.0622457
0.49,0.101697,0.00522436,0.437459,-0.620312,0.0967414,0.0505887
0.5,0.10175,0.0052126,-0.0137142,-0.141306,0.104605,0.0186938
0.51,0.101802,0.00519582,0.307947,-0.380123,0.105414,0.0142318
0.52,0.101853,0.00517406,0.158655,-0.598291,0.1095,-0.00576109
0.53,0.101905,0.00514737,-0.456863,-0.450596,0.113895,-0.0285903
0.54,0.101956,0.00511582,-0.303661,0.874998,0.113727,-0.0375597
0.55,0.102007,0.00507947,-0.263525,-0.0634947,0.105518,0.000279246
0.56,0.102058,0.00503837,-0.833334,-0.211021,0.104252,0.0025063
0.57,0.102108,0.00499261,0.66727,-0.249842,0.101286,-0.00651933
0.58,0.102158,0.00494225,0.467922,-0.00198209,0.105014,-0.019802
0.59,0.102207,0.00488737,-0.369427,-0.00735571,0.106256,-0.0206932
0.6,0.102255,0.00482805,0.0734647,-0.334306,0.103988,-0.0212818
0.61,0.102303,0.00476438,0.256548,0.209327,0.105177,-0.0313987
0.62,0.102351,0.00469645,0.743438,-0.0311197,0.104377,-0.0207972
0.63,0.102397,0.00462436,0.579035,-0.103324,0.106627,-0.0297909
0.64,0.102443,0.00454819,1.06786,-1.11293,0.108395,-0.0380685
0.65,0.102488,0.00446805,0.653356,0.666491,0.115938,-0.0762307
0.66,0.102533,0.00438404,0.428029,-0.0914648,0.114281,-0.0543563
0.67,0.102576,0.00429627,-0.17428,-0.303921,0.115023,-0.0552268
0.68,0.102618,0.00420484,0.647347,0.163484,0.11432,-0.0622816
0.69,0.10266,0.00410988,-0.0715108,-0.00567555,0.114812,-0.0567381
0.7,0.102701,0.00401149,0.96754,-0.194016,0.113448,-0.0527271
0.71,0.10274,0.00390979,0.138952,0.173058,0.116287,-0.0614769
0.72,0.102779,0.0038049,0.423936,-0.18244,0.115019,-0.0577727
0.73,0.102816,0.00369695,-0.322695,0.387184,0.115838,-0.0635
0.74,0.102853,0.00358605,0.294266,-0.236192,0.11247,-0.0503349
0.75,0.102888,0.00347234,-1.00159,0.493855,0.113055,-0.0584758
0.76,0.102922,0.00335595,-0.271656,0.218904,0.107329,-0.0429719
0.77,0.102955,0.003237,0.405802,0.417561,0.105,-0.0342802
0.78,0.102987,0.00311563,-0.176797,0.840442,0.104529,-0.0231731
0.79,0.103018,0.00299197,-0.130634,0.180256,0.10131,-0.00168106
0.8,0.103047,0.00286616,0.131143,0.0086951,0.100078,-0.00197133
0.81,0.103075,0.00273833,0.327396,0.171682,0.100136,-0.00160594
0.82,0.103102,0.00260862,0.534578,-0.0631074,0.100443,-0.000810767
0.83,0.103127,0.00247717,-0.37308,0.0832542,0.101983,-3.53272e-05
0.84,0.103151,0.00234412,0.514886,0.0509615,0.100282,0.00193808
0.85,0.103174,0.0022096,0.00178049,0.0495086,0.101496,-0.000749441
0.86,0.103195,0.00207377,-0.724062,0.294126,0.101067,0.000434151
0.87,0.103215,0.00193676,0.625843,0.495074,0.0978833,0.0125681
0.88,0.103234,0.0017987,-1.1845,-0.438877,0.0987202,0.0241985
0.89,0.103251,0.00165976,-0.255941,-0.487565,0.0958393,0.0177043
0.9,0.103267,0.00152005,-0.103581,-0.00065204,0.0958836,0.00412833
0.91,0.103282,0.00137973,-0.394242,-0.170048,0.0953451,0.0099798
0.92,0.103295,0.00123894,0.290283,0.389076,0.0942475,0.00588801
0.93,0.103306,0.00109782,-0.740375,0.429714,0.0941976,0.016868
0.94,0.103317,0.000956504,0.344637,1.01763,0.0909348,0.0264137
0.95,0.103326,0.000815136,-0.566733,0.0665442,0.0900826,0.049068
0.96,0.103333,0.000673853,0.0403213,-0.00444381,0.0885133,0.0555465
0.97,0.103339,0.000532794,0.493382,0.18539,0.0890543,0.0573987
0.98,0.103344,0.000392095,0.483529,0.581924,0.0906626,0.0622642
0.99,0.103347,0.000251891,0.279701,-0.60059,0.0914901,0.0717736
1,0.103349,0.000112316,0.765157,-0.00198779,0.0941166,0.0578718
1.01,0.103349,-2.64977e-05,0.280792,-0.702515,0.0969094,0.0562127
1.02,0.103348,-0.000164418,0.249687,-0.797659,0.0995511,0.0407874
1.03,0.103346,-0.000301317,0.329893,-0.109034,0.102163,0.032593
1.04,0.103342,-0.000437066,1.05094,-0.0575037,0.103458,0.0262282
1.05,0.103337,-0.00057154,0.794969,0.152193,0.106845,0.0255564
1.06,0.103331,-0.000704615,0.0535988,-0.425342,0.108976,0.0274001
1.07,0.103323,-0.00083617,-0.678885,-0.267777,0.110012,0.0192196
1.08,0.103314,-0.000966086,-0.409962,-0.60086,0.108395,0.0193997
1.09,0.103304,-0.00109425,0.724753,-0.726338,0.108293,0.00961108
1.1,0.103292,-0.00122054,0.498109,-0.383696,0.111813,-0.00737673
1.11,0.103279,-0.00134484,-0.0976557,-0.460661,0.113721,-0.0148371
1.12,0.103265,-0.00146706,-0.702564,0.185754,0.113869,-0.0238264
1.13,0.10325,-0.00158708,0.312419,-0.327239,0.110696,-0.0178286
1.14,0.103234,-0.0017048,-0.224552,-0.695527,0.111815,-0.0218743
1.15,0.103216,-0.00182011,0.190578,-0.23012,0.112019,-0.0363343
1.16,0.103197,-0.00193293,-0.594705,-0.250559,0.112341,-0.0368977
1.17,0.103177,-0.00204315,0.99776,-0.0591679,0.1103,-0.0405849
1.18,0.103156,-0.00215068,0.170164,-0.538866,0.112612,-0.0420348
1.19,0.103134,-0.00225544,0.16615,0.535018,0.11348,-0.0495668
1.2,0.103111,-0.00235734,0.535295,0.156144,0.111838,-0.0392679
1.21,0.103087,-0.0024563,-0.125414,-0.843358,0.112261,-0.0378925
1.22,0.103062,-0.00255224,-0.064429,0.538754,0.112978,-0.0534313
1.23,0.103036,-0.00264508,-0.474413,-0.0702799,0.110568,-0.0444251
1.24,0.103009,-0.00273476,-0.481908,-0.345081,0.10849,-0.0392266
1.25,0.102981,-0.0028212,-0.787242,0.186043,0.107037,-0.0461643
1.26,0.102953,-0.00290435,0.89957,-0.386412,0.103408,-0.0425708
1.27,0.102923,-0.00298413,-0.200026,0.372678,0.106078,-0.0524844
1.28,0.102893,-0.0030605,0.185116,-0.695718,0.103693,-0.0441647
1.29,0.102862,-0.0031334,0.361306,-0.156585,0.104949,-0.0600551
1.3,0.10283,-0.00320278,0.843175,0.951438,0.105282,-0.0663743
1.31,0.102798,-0.0032686,-0.104228,0.0981813,0.104403,-0.0514394
1.32,0.102765,-0.00333081,-0.201342,0.0353826,0.102919,-0.0523032
1.33,0.102731,-0.00338937,-0.0150672,-0.268535,0.1013,-0.053601
1.34,0.102697,-0.00344425,-0.142936,-0.128957,0.100901,-0.0605379
1.35,0.102663,-0.00349543,0.593165,-0.273602,0.0997456,-0.0632652
1.36,0.102627,-0.00354286,-0.0424466,0.94147,0.101014,-0.0650706
1.37,0.102592,-0.00358653,0.337204,-0.226481,0.0976866,-0.0441903
1.38,0.102556,-0.00362643,0.53753,1.42166,0.0983842,-0.0411807
1.39,0.102519,-0.00366253,0.793229,0.0339766,0.0959236,-0.01095
1.4,0.102482,-0.00369482,0.374316,0.150177,0.0976831,-0.00868514
1.41,0.102445,-0.0037233,0.564199,0.4105,0.0980342,-0.00297267
1.42,0.102408,-0.00374795,0.317615,-0.466347,0.0983715,0.00376762
1.43,0.10237,-0.00376879,0.311245,0.0875893,0.100087,-0.00273964
1.44,0.102333,-0.00378582,-0.409704,0.504704,0.100486,0.00453046
1.45,0.102295,-0.00379903,0.366739,0.196056,0.0980196,0.0153666
1.46,0.102257,-0.00380845,-0.0849062,-0.398733,0.0985363,0.0216625
1.47,0.102219,-0.00381409,0.0523906,-0.316585,0.0991623,0.0122799
1.48,0.10218,-0.00381596,-0.414582,-0.694191,0.0998694,0.00497304
1.49,0.102142,-0.00381409,0.804317,0.495676,0.100064,-0.00450954
1.5,0.102104,-0.0038085,0.0893937,-0.506902,0.100841,0.00301736
1.51,0.102066,-0.00379922,-0.665542,0.569493,0.101938,-0.00734085
1.52,0.102028,-0.00378628,0.30267,-0.470213,0.0985933,0.0114907
1.53,0.10199,-0.00376972,0.0667805,0.589446,0.100305,0.00377635
1.54,0.101953,-0.00374958,0.938432,-0.995115,0.0989836,0.0123875
1.55,0.101915,-0.0037259,0.85682,0.617707,0.103525,-0.00553715
1.56,0.101878,-0.00369872,0.32197,-0.278845,0.104161,0.00319705
1.57,0.101841,-0.0036681,-0.581256,0.167525,0.105377,-0.00160717
1.58,0.101805,-0.00363408,0.44369,0.0770846,0.103131,-0.00260892
1.59,0.101769,-0.00359672,-0.395159,0.475388,0.103874,0.00190267
1.6,0.101733,-0.00355607,0.384753,-0.389329,0.1016,0.0147653
1.61,0.101698,-0.0035122,-0.906393,0.350052,0.103376,0.0119914
1.62,0.101663,-0.00346517,-0.162038,-1.10209,0.100116,0.0204555
1.63,0.101628,-0.00341505,-0.031776,-0.0376412,0.101961,0.00460768
1.64,0.101594,-0.0033619,0.147912,-0.187297,0.10172,0.00147055
1.65,0.101561,-0.00330579,0.221252,0.436763,0.102263,0.000871455
1.66,0.101528,-0.00324681,0.603992,-0.603547,0.101701,0.00851202
1.67,0.101496,-0.00318501,1.05997,-1.50765,0.104349,-0.00398064
1.68,0.101465,-0.00312049,0.246594,-0.156331,0.109903,-0.0279904
1.69,0.101434,-0.00305332,0.850648,0.108444,0.11026,-0.0281384
1.7,0.101404,-0.00298358,0.126256,0.394582,0.111653,-0.0278368
1.71,0.101374,-0.00291136,0.128311,0.218935,0.110569,-0.0203986
1.72,0.101345,-0.00283674,0.497667,-0.646584,0.109904,-0.0204497
1.73,0.101317,-0.00275982,-0.00319781,-0.174261,0.111996,-0.0281326
1.74,0.10129,-0.00268068,0.300527,0.0171535,0.111678,-0.0338323
1.75,0.101264,-0.00259941,-0.552454,-0.52858,0.111715,-0.0362871
1.76,0.101238,-0.00251611,-0.678383,0.127123,0.110581,-0.0434011
1.77,0.101214,-0.00243086,0.579499,-0.0861604,0.107759,-0.0361863
1.78,0.10119,-0.00234377,0.762284,-0.0756266,0.108758,-0.0347872
1.79,0.101167,-0.00225494,-0.292143,0.82991,0.110204,-0.0371728
1.8,0.101145,-0.00216445,-0.608344,-0.356232,0.107081,-0.0206654
1.81,0.101123,-0.00207241,-0.08768,-0.526196,0.105619,-0.0302128
1.82,0.101103,-0.00197892,0.482104,0.643684,0.105768,-0.0401262
1.83,0.101084,-0.00188408,0.444696,-0.858257,0.104996,-0.0322506
1.84,0.101065,-0.00178799,-0.392758,0.246278,0.107213,-0.0422449
1.85,0.101048,-0.00169075,0.441633,0.326194,0.104928,-0.0348828
1.86,0.101032,-0.00159246,0.126707,-0.247228,0.104759,-0.0293029
1.87,0.101016,-0.00149324,-0.27648,-1.10128,0.104956,-0.0319999
1.88,0.101002,-0.00139317,0.121398,0.606288,0.105763,-0.0433743
1.89,0.100988,-0.00129236,0.275035,-0.12935,0.104097,-0.0337551
1.9,0.100976,-0.00119092,0.478234,-0.120776,0.104366,-0.0396586
1.91,0.100965,-0.00108894,-0.375909,-0.0475281,0.105133,-0.0382666
1.92,0.100954,-0.000986544,0.74349,-0.314847,0.103513,-0.0369624
1.93,0.100945,-0.000883819,-0.212865,-0.433389,0.105385,-0.0395314
1.94,0.100936,-0.00078087,-0.0368849,-0.0648591,0.104926,-0.0453042
1.95,0.100929,-0.000677801,-0.228859,-0.269276,0.104123,-0.0479239
1.96,0.100923,-0.000574713,-0.503911,0.206362,0.103216,-0.0493863
1.97,0.100918,-0.000471706,-0.148816,-0.465954,0.100634,-0.0439571
1.98,0.100913,-0.000368881,-0.0437032,-0.357351,0.100376,-0.0490832
1.99,0.10091,-0.000266338,-0.641517,-0.598569,0.100152,-0.0481313
2,0.100908,-0.000164175,-0.188126,0.772508,0.0987889,-0.0581977
2.01,0.100857,-0.0100296,-0.0796182,-0.677541,0.0957698,-0.0528996
2.02,0.100708,-0.0198236,0.164235,0.73359,0.0959285,-0.073713
2.03,0.100461,-0.0295371,0.564292,-0.803358,0.0936679,-0.0780403
2.04,0.100117,-0.039161,0.051825,-0.177682,0.0954849,-0.0989233
2.05,0.099678,-0.0486866,0.782618,-0.571845,0.0944792,-0.108505
2.06,0.099144,-0.058105,0.214823,-0.333493,0.0960625,-0.123517
2.07,0.0985163,-0.0674078,0.649713,0.574873,0.09549,-0.136124
2.08,0.0977962,-0.0765866,0.830717,0.0212114,0.0940888,-0.139066
2.09,0.096985,-0.0856332,0.197713,-0.302253,0.0942351,-0.148716
2.1,0.096084,-0.0945396,0.509378,-0.0201101,0.0932966,-0.155308
2.11,0.0950947,-0.103298,0.458615,0.257852,0.0924928,-0.164579
2.12,0.0940186,-0.111901,-0.19959,-0.715962,0.0909523,-0.161641
2.13,0.0928572,-0.12034,-0.255558,-0.40532,0.0896457,-0.174106
2.14,0.0916123,-0.128609,0.241853,-0.518626,0.0874054,-0.185479
2.15,0.0902856,-0.136701,0.311392,-0.436792,0.0865504,-0.200407
2.16,0.0888789,-0.144608,0.659283,-0.14534,0.0855792,-0.208277
2.17,0.0873941,-0.152325,0.0464445,-0.342852,0.0848192,-0.216046
2.18,0.0858331,-0.159845,0.270851,0.259227,0.0827337,-0.22947
2.19,0.0841979,-0.167161,0.684398,-0.421771,0.0799332,-0.226963
2.2,0.0824906,-0.174268,0.34802,-1.34095,0.0795956,-0.236084
2.21,0.0807133,-0.18116,0.623101,-0.474123,0.0801128,-0.256326
2.22,0.0788681,-0.187833,0.799141,-0.0969974,0.0793668,-0.265715
2.23,0.0769574,-0.194279,0.646705,-0.17211,0.0782011,-0.272114
2.24,0.0749833,-0.200496,0.236056,-0.588938,0.0767548,-0.273481
2.25,0.0729482,-0.206478,0.841529,-0.154417,0.0750579,-0.280029
2.26,0.0708545,-0.21222,0.169275,0.175098,0.0739752,-0.284253
2.27,0.0687046,-0.217719,-0.773794,-0.26404,0.0704397,-0.282376
2.28,0.066501,-0.222971,0.608594,0.210213,0.0653292,-0.289436
2.29,0.0642461,-0.227972,-0.00017476,0.0608084,0.0628168,-0.28903
2.3,0.0619424,-0.232719,-0.451483,-0.175457,0.059063,-0.285258
2.31,0.0595925,-0.237209,-0.209745,-0.45247,0.0546353,-0.288071
2.32,0.0571991,-0.241438,-0.915438,-1.05505,0.0513464,-0.297971
2.33,0.0547646,-0.245405,0.963566,0.163619,0.047425,-0.299912
2.34,0.0522918,-0.249108,-0.353802,-1.03805,0.0458387,-0.30167
2.35,0.0497834,-0.252544,0.300685,0.418227,0.0432872,-0.307706
2.36,0.0472419,-0.255711,0.0667863,-0.592215,0.039423,-0.300054
2.37,0.0446701,-0.258608,0.524835,0.489915,0.0370657,-0.30671
2.38,0.0420706,-0.261235,0.317602,-0.227225,0.0336644,-0.29896
2.39,0.0394463,-0.26359,-0.197006,-0.105741,0.0312835,-0.297247
2.4,0.0367997,-0.265672,0.0595372,-0.838235,0.0273091,-0.299343
2.41,0.0341337,-0.267481,-0.184393,-0.849576,0.025429,-0.314116
2.42,0.031451,-0.269018,-0.513474,-1.22867,0.0228461,-0.317371
2.43,0.0287543,-0.270282,-0.490159,-0.0408873,0.0200788,-0.333021
2.44,0.0260463,-0.271273,0.0808324,-0.289889,0.0148778,-0.324903
2.45,0.0233297,-0.271994,0.905888,-0.674538,0.0117194,-0.327145
2.46,0.0206073,-0.272443,0.10178,-0.441963,0.0114769,-0.33106
2.47,0.0178818,-0.272624,-0.328812,-0.746482,0.00867184,-0.326648
2.48,0.0151557,-0.272537,-0.000584786,-0.261915,0.00536892,-0.332792
2.49,0.0124319,-0.272184,0.0377258,-0.131027,0.00186347,-0.336001
2.5,0.00971294,-0.271567,-0.103396,-0.185661,-0.00174853,-0.325617
2.51,0.00700145,-0.270688,0.0639919,0.443563,-0.00549833,-0.318056
2.52,0.00430004,-0.26955,-0.155896,0.118117,-0.00998528,-0.305246
2.53,0.00161131,-0.268155,0.404937,-0.0575014,-0.0142249,-0.296107
2.54,-0.00106222,-0.266507,-0.345903,-0.656141,-0.0165679,-0.293362
2.55,-0.00371801,-0.264609,0.253955,-0.366015,-0.0195732,-0.290383
2.56,-0.00635358,-0.262464,0.0273064,0.269541,-0.0216,-0.289947
2.57,-0.00896648,-0.260076,-0.400282,-0.160197,-0.02547,-0.281799
2.58,-0.0115543,-0.257448,-0.984996,-0.571638,-0.0294516,-0.274204
2.59,-0.0141147,-0.254585,-0.18899,-0.788227,-0.034052,-0.274944
2.6,-0.0166452,-0.25149,0.682266,-0.384807,-0.0361717,-0.280673
2.61,-0.0191437,-0.24817,0.229346,0.723555,-0.0368862,-0.279691
2.62,-0.0216079,-0.244627,-0.91942,0.68758,-0.0409203,-0.259047
2.63,-0.0240355,-0.240867,0.453345,0.381164,-0.0476177,-0.241335
2.64,-0.0264245,-0.236895,-0.659322,0.0812768,-0.0498816,-0.222226
2.65,-0.0287727,-0.232716,0.237499,-0.36213,-0.0542054,-0.207972
2.66,-0.0310782,-0.228336,-0.307049,-1.15815,-0.0551872,-0.205465
2.67,-0.0333388,-0.22376,-0.59631,-0.233364,-0.0559902,-0.215809
2.68,-0.0355527,-0.218994,0.0422474,0.312654,-0.0594545,-0.208481
2.69,-0.0377181,-0.214043,0.368295,-0.232517,-0.0622236,-0.190746
2.7,-0.039833,-0.208914,0.325027,-0.212845,-0.0628677,-0.182673
2.71,-0.0418958,-0.203612,0.211565,-0.00173525,-0.0635569,-0.173353
2.72,-0.0439047,-0.198145,0.511521,-0.0702509,-0.0648727,-0.165472
2.73,-0.0458581,-0.192518,-0.0842126,0.604914,-0.0652371,-0.16687
2.74,-0.0477545,-0.186738,0.0487813,-0.593565,-0.068382,-0.143677
2.75,-0.0495924,-0.180811,0.714694,0.10479,-0.0685832,-0.143828
2.76,-0.0513703,-0.174745,-0.0455782,0.266875,-0.0684189,-0.131908
2.77,-0.0530869,-0.168545,-0.444711,0.173217,-0.070367,-0.113168
2.78,-0.0547408,-0.16222,-0.828233,-0.250752,-0.072914,-0.092946
2.79,-0.0563309,-0.155775,0.49898,0.0574687,-0.0754383,-0.0882822
2.8,-0.0578559,-0.149219,-0.684051,0.775192,-0.0750662,-0.0788988
2.81,-0.0593149,-0.142557,0.0433933,-1.01236,-0.0790077,-0.0525626
2.82,-0.0607067,-0.135797,-0.0927603,-0.396336,-0.0773019,-0.0622495
2.83,-0.0620305,-0.128947,-0.519896,-0.0122664,-0.0772666,-0.0613165
2.84,-0.0632854,-0.122014,-0.31361,0.454179,-0.0790717,-0.0536766
2.85,-0.0644706,-0.115005,0.608597,0.0927336,-0.0811487,-0.0375198
2.86,-0.0655853,-0.107926,0.0164837,-0.335293,-0.0799492,-0.0294864
2.87,-0.0666289,-0.100787,0.091308,-0.656155,-0.0793542,-0.0283324
2.88,-0.0676008,-0.0935936,0.163217,0.144287,-0.0779355,-0.033498
2.89,-0.0685006,-0.0863536,0.144147,0.225064,-0.0779239,-0.0209896
2.9,-0.0693278,-0.0790744,0.262668,-0.335665,-0.0779594,-0.0058454
2.91,-0.070082,-0.0717633,0.0387951,-0.376201,-0.0764097,0.00055991
2.92,-0.070763,-0.0644277,-0.294721,0.302397,-0.0753293,0.000398414
2.93,-0.0713705,-0.0570749,0.781474,-0.820592,-0.0764111,0.0153719
2.94,-0.0719044,-0.0497122,0.244689,0.197388,-0.0723571,0.00882463
2.95,-0.0723647,-0.0423468,0.915284,0.0898273,-0.0717851,0.0162413
2.96,-0.0727514,-0.0349861,-0.614104,0.858569,-0.0691611,0.0245246
2.97,-0.0730645,-0.0276371,-0.794604,-0.73402,-0.0719189,0.0429987
2.98,-0.0733042,-0.0203069,0.0349283,-0.354424,-0.0717924,0.037937
2.99,-0.0734707,-0.0130027,-0.757922,0.0115579,-0.0703547,0.0340839
3,-0.0735643,-0.0057314,0.33616,-0.840837,-0.0717051,0.0401902
3.01,-0.0735855,0.00150012,0.41404,-0.340525,-0.0684778,0.0332731
3.02,-0.0735345,0.00868502,0.296827,0.771553,-0.0660927,0.0378245
3.03,-0.0734119,0.0158166,0.378227,0.00135801,-0.0661813,0.0534095
3.04,-0.0732184,0.0228881,0.221364,-0.199314,-0.0643826,0.0545364
3.05,-0.0729544,0.0298931,-0.479542,0.203343,-0.0625321,0.0605602
3.06,-0.0726207,0.0368251,-0.0336974,0.771193,-0.0632525,0.0676251
3.07,-0.0722182,0.0436778,-0.495882,0.0263204,-0.0638774,0.0785978
3.08,-0.0717475,0.050445,-0.047081,-0.298125,-0.0640607,0.0846832
3.09,-0.0712096,0.0571207,1.04937,-0.925191,-0.0623904,0.0833663
3.1,-0.0706054,0.0636988,0.561867,-0.391842,-0.0566334,0.0782845
3.11,-0.0699359,0.0701735,-0.281731,1.40117,-0.0532947,0.0762588
3.12,-0.0692023,0.0765392,0.693817,0.0887323,-0.0556865,0.10124
3.13,-0.0684055,0.0827902,0.162811,0.0223715,-0.0527098,0.101403
3.14,-0.0675469,0.0889213,-0.117623,0.617516,-0.0509505,0.105196
3.15,-0.0666275,0.0949272,0.0793534,0.255107,-0.0510142,0.12193
3.16,-0.0656488,0.100803,0.298244,-0.0811883,-0.0496874,0.128795
3.17,-0.0646119,0.106543,-0.735953,-0.542902,-0.0470867,0.126189
3.18,-0.0635184,0.112143,0.224198,-0.00808311,-0.0462529,0.122628
3.19,-0.0623695,0.117599,0.637388,-0.0791145,-0.044053,0.123581
3.2,-0.0611669,0.122905,-0.342854,0.661785,-0.0406355,0.123948
3.21,-0.0599119,0.128059,-0.141962,0.428776,-0.0412161,0.134797
3.22,-0.0586062,0.133054,-0.238588,-0.0142013,-0.0406931,0.141414
3.23,-0.0572514,0.137889,-0.249168,-0.0724274,-0.0394751,0.141097
3.24,-0.055849,0.142558,-0.527497,-0.0691643,-0.0381483,0.144019
3.25,-0.0544008,0.147059,-0.380632,0.572754,-0.0375423,0.143279
3.26,-0.0529084,0.151388,-0.409115,-0.556733,-0.0378283,0.151791
3.27,-0.0513736,0.155542,0.244134,0.788565,-0.035884,0.141346
3.28,-0.0497982,0.159518,-0.14372,0.372087,-0.0349933,0.154672
3.29,-0.0481838,0.163313,-0.471937,0.753116,-0.0341326,0.16154
3.3,-0.0465325,0.166925,0.0256269,-0.528828,-0.0348004,0.172313
3.31,-0.044846,0.170351,0.301956,-1.07498,-0.031553,0.161431
3.32,-0.0431261,0.173589,0.421451,0.384534,-0.0266084,0.149573
3.33,-0.0413748,0.176637,-0.353627,-0.507495,-0.0244539,0.148043
3.34,-0.039594,0.179493,-0.00452848,-0.226087,-0.0225199,0.141522
3.35,-0.0377856,0.182156,-0.701764,-0.140121,-0.0203051,0.141078
3.36,-0.0359515,0.184624,0.459259,0.168061,-0.0201673,0.128604
3.37,-0.0340938,0.186896,0.0445964,0.378951,-0.0177033,0.131827
3.38,-0.0322143,0.188971,-0.506376,-0.410129,-0.0167109,0.135652
3.39,-0.030315,0.190849,-0.530275,0.257435,-0.0155381,0.129731
3.4,-0.028398,0.192528,-0.282041,-0.416892,-0.0158207,0.132337
3.41,-0.0264651,0.194008,0.478389,-0.66073,-0.014082,0.128405
3.42,-0.0245185,0.19529,0.461203,1.20442,-0.00997808,0.11695
3.43,-0.02256,0.196372,-0.199023,-0.0601428,-0.00972421,0.133332
3.44,-0.0205917,0.197256,0.0844204,-0.540975,-0.00852168,0.127996
3.45,-0.0186155,0.197941,0.794428,0.511412,-0.00565538,0.123352
3.46,-0.0166335,0.198429,0.695204,-0.4879,-0.00312849,0.127508
3.47,-0.0146476,0.198719,-0.0226633,1.44914,0.00119023,0.123251
3.48,-0.0126598,0.198813,0.0364141,0.0652584,-0.000201032,0.148721
3.49,-0.010672,0.198712,-0.0929307,-0.121407,0.0014942,0.140884
3.5,-0.00868618,0.198418,0.624105,0.428194,0.00314805,0.133931
3.51,-0.00670428,0.197931,0.049218,0.0662866,0.00547395,0.13283
3.52,-0.00472819,0.197254,-0.730343,0.0824022,0.00703066,0.130168
3.53,-0.00275982,0.196388,0.149735,0.654463,0.00651958,0.12992
3.54,-0.000801045,0.195336,-0.764867,0.206772,0.00715199,0.136925
3.55,0.00114628,0.194099,0.452986,-0.436852,0.00640773,0.141187
3.56,0.00308033,0.19268,0.770793,0.623253,0.0101172,0.134519
3.57,0.00499929,0.191082,0.202206,0.268252,0.0124669,0.141677
3.58,0.00690137,0.189306,-0.116444,0.748236,0.014093,0.139373
3.59,0.00878483,0.187357,-0.464158,0.375332,0.0139232,0.144276
3.6,0.0106479,0.185236,0.620269,-0.0846285,0.0136649,0.146475
3.61,0.012489,0.182948,0.356808,0.0679595,0.0171311,0.140777
3.62,0.0143064,0.180495,0.25016,0.328218,0.019529,0.135845
3.63,0.0160984,0.177881,0.13324,0.566961,0.0210517,0.131395
3.64,0.0178634,0.175109,-0.187189,-0.495112,0.0217933,0.137087
3.65,0.0196,0.172184,0.50641,0.68163,0.0238302,0.123564
3.66,0.0213066,0.169108,0.446033,0.69915,0.0251809,0.126769
3.67,0.0229817,0.165886,-0.138457,-0.133765,0.0263838,0.131305
3.68,0.0246239,0.162522,0.151844,0.00374671,0.0277588,0.123404
3.69,0.0262317,0.15902,0.0434725,0.274166,0.0295102,0.116698
3.7,0.0278038,0.155385,1.04677,-0.441327,0.0303487,0.111504
3.71,0.029339,0.15162,-1.21571,0.0973071,0.0351273,0.0970182
3.72,0.0308358,0.14773,-0.576636,0.53669,0.0328653,0.0976273
3.73,0.0322932,0.14372,-0.177646,0.616481,0.0313922,0.102574
3.74,0.0337098,0.139595,0.526998,-0.307939,0.0308675,0.110117
3.75,0.0350847,0.135359,0.550018,0.964478,0.0340171,0.0967661
3.76,0.0364167,0.131017,0.0327332,0.184973,0.0345566,0.101201
3.77,0.0377047,0.126575,0.645538,0.71336,0.0353639,0.0977322
3.78,0.0389478,0.122036,0.848829,0.0555366,0.0366618,0.100036
3.79,0.0401451,0.117406,0.0308212,-0.18636,0.0397941,0.0919894
3.8,0.0412957,0.11269,-0.364139,-0.289266,0.0412063,0.0839504
3.81,0.0423986,0.107893,0.420045,-0.298907,0.0416884,0.0729286
3.82,0.0434533,0.103021,0.573928,0.0588086,0.0440567,0.0581036
3.83,0.0444588,0.098079,0.159454,1.12576,0.0459525,0.0507177
3.84,0.0454146,0.0930716,-0.784071,0.720914,0.0446218,0.0632993
3.85,0.0463201,0.0880044,-0.396235,-0.133593,0.0418179,0.0723871
3.86,0.0471745,0.0828828,0.415864,0.148716,0.0417991,0.0676291
3.87,0.0479776,0.0777121,-0.00775142,-0.0218114,0.0432547,0.0649887
3.88,0.0487286,0.0724978,-0.00837868,0.407029,0.0439054,0.0586399
3.89,0.0494274,0.0672451,0.297696,0.7385,0.0436509,0.0607335
3.9,0.0500734,0.0619594,-0.500875,-0.722805,0.0435511,0.0659081
3.91,0.0506665,0.0566462,0.115614,0.00123916,0.0443209,0.0505849
3.92,0.0512063,0.0513108,-0.163511,0.156853,0.0450523,0.0421711
3.93,0.0516926,0.0459585,1.0796,0.150015,0.0446808,0.0398597
3.94,0.0521254,0.0405947,0.792254,-0.526482,0.0475,0.0361371
3.95,0.0525045,0.0352247,-0.262459,-0.559187,0.0508491,0.0222889
3.96,0.0528299,0.0298537,0.493659,-0.392625,0.0513393,0.00493489
3.97,0.0531016,0.0244872,-0.212751,1.05438,0.0532703,-0.00671087
3.98,0.0533197,0.0191302,0.362622,0.116403,0.0503767,0.000535649
3.99,0.0534843,0.0137879,0.628667,0.884008,0.0509278,-0.00261067
4,0.0535955,0.00846551,0.0713686,0.368384,0.0506035,0.00280974
4.01,0.0536537,0.00316808,0.0587289,0.41919,0.0499728,0.00878497
4.02,0.053659,-0.00209937,-0.0730435,0.117329,0.0492485,0.0105698
4.03,0.0536118,-0.00733187,0.108196,0.321125,0.0488144,0.0101231
4.04,0.0535125,-0.0125245,-0.50595,-0.151315,0.0484724,0.0165664
4.05,0.0533614,-0.0176725,1.21879,0.0340633,0.0474889,0.00776008
4.06,0.0531592,-0.0227711,-0.313227,-0.350552,0.0505033,0.0026019
4.07,0.0529062,-0.0278155,0.32826,-0.189466,0.0502243,-0.0106688
4.08,0.0526031,-0.0328013,0.34637,-0.120456,0.0511564,-0.0176522
4.09,0.0522504,-0.0377238,0.406287,-0.468752,0.0519451,-0.0191366
4.1,0.0518488,-0.0425787,1.03172,-0.0724867,0.0534965,-0.0335559
4.11,0.0513991,-0.0473617,0.203482,-0.344144,0.0556988,-0.0437451
4.12,0.0509018,-0.0520684,-0.331812,-0.621849,0.0561921,-0.0540025
4.13,0.0503579,-0.0566949,1.27656,0.575683,0.0557756,-0.0606657
4.14,0.0497682,-0.061237,-0.880444,-0.025613,0.0570464,-0.0558594
4.15,0.0491335,-0.0656909,-0.525152,0.387478,0.0539638,-0.0614929
4.16,0.0484547,-0.0700528,0.961842,0.526467,0.0509814,-0.0537403
4.17,0.0477328,-0.0743189,0.26471,0.0678123,0.051584,-0.0563035
4.18,0.0469687,-0.0784857,0.498716,-0.0135073,0.051342,-0.0527781
4.19,0.0461634,-0.0825497,-0.0416073,0.683784,0.0518753,-0.0549863
4.2,0.045318,-0.0865077,-0.150412,-0.575806,0.0496475,-0.0426188
4.21,0.0444336,-0.0903563,-0.486112,-1.15098,0.049683,-0.0600257
4.22,0.0435113,-0.0940925,-0.259569,1.06764,0.0498132,-0.0795879
4.23,0.0425521,-0.0977134,-0.637769,-0.388568,0.045947,-0.0660547
4.24,0.0415574,-0.101216,0.818694,-0.220317,0.0441109,-0.0767813
4.25,0.0405282,-0.104598,0.115873,-0.401787,0.0455624,-0.0882615
4.26,0.0394658,-0.107856,0.391054,-0.111821,0.0454602,-0.095442
4.27,0.0383715,-0.110989,-0.163916,-0.171217,0.0454154,-0.0982602
4.28,0.0372465,-0.113994,0.242998,0.18439,0.044042,-0.0986594
4.29,0.0360921,-0.116868,-0.0755912,0.604921,0.0429794,-0.0998533
4.3,0.0349096,-0.11961,0.286726,-0.54601,0.0402725,-0.0927184
4.31,0.0337003,-0.122218,-0.651667,-0.245257,0.0408145,-0.107715
4.32,0.0324657,-0.12469,-0.0342538,0.247187,0.0382398,-0.106908
4.33,0.031207,-0.127025,-0.263692,-0.0341781,0.036275,-0.104089
4.34,0.0299256,-0.129221,-0.0274123,-0.342264,0.0343248,-0.10299
4.35,0.028623,-0.131277,-0.195494,0.135846,0.0336048,-0.106815
4.36,0.0273005,-0.133192,-0.531348,0.0763558,0.0314899,-0.100642
4.37,0.0259596,-0.134965,0.281534,0.0923046,0.0286579,-0.101771
4.38,0.0246017,-0.136594,-0.735217,0.982199,0.0279139,-0.0992072
4.39,0.0232282,-0.13808,0.102553,0.0719407,0.0228325,-0.0832213
4.4,0.0218406,-0.139422,1.02166,-0.958187,0.0219384,-0.0761082
4.41,0.0204403,-0.140618,-0.277376,1.27587,0.0254448,-0.0958043
4.42,0.0190287,-0.14167,-0.0619128,-1.14596,0.0210409,-0.0723339
4.43,0.0176074,-0.142577,-0.770322,-0.535396,0.0222026,-0.0891152
4.44,0.0161777,-0.143339,0.0721485,-0.174206,0.0201446,-0.0950411
4.45,0.0147411,-0.143955,0.117441,-0.227843,0.019477,-0.0975018
4.46,0.013299,-0.144427,0.0336885,-0.576265,0.019032,-0.0967457
4.47,0.011853,-0.144755,-0.270335,-0.526414,0.0190398,-0.10451
4.48,0.0104044,-0.14494,0.844459,0.260904,0.018037,-0.116295
4.49,0.00895469,-0.144981,0.375886,-0.128928,0.0182838,-0.109303
4.5,0.00750526,-0.14488,0.0778795,0.348715,0.0181665,-0.108126
4.51,0.00605755,-0.144639,0.780328,-0.0853534,0.0163536,-0.100441
4.52,0.00461295,-0.144257,-0.114452,-0.313435,0.0172551,-0.106116
4.53,0.00317287,-0.143737,-0.116965,0.10079,0.0162354,-0.113021
4.54,0.00173867,-0.143079,-0.413396,-0.665826,0.0143006,-0.116121
4.55,0.000311731,-0.142286,0.266122,-0.474349,0.0131235,-0.122905
4.56,-0.0011066,-0.141359,0.101586,0.323836,0.0132025,-0.133434
4.57,-0.002515,-0.140299,-0.0707023,-0.182674,0.0111641,-0.13231
4.58,-0.00391214,-0.139108,0.28791,-0.501698,0.00975885,-0.129167
4.59,-0.00529673,-0.137789,-0.851669,0.247827,0.00993023,-0.133132
4.6,-0.00666749,-0.136343,-0.181501,-0.262953,0.00563441,-0.126708
4.61,-0.00802318,-0.134773,-0.307849,-0.529228,0.004155,-0.128555
4.62,-0.00936255,-0.133081,-0.166397,-0.153841,0.00280458,-0.141117
4.63,-0.0106844,-0.13127,0.484555,-0.278812,0.00101159,-0.137474
4.64,-0.0119876,-0.129341,-0.260436,0.119837,0.00115034,-0.141928
4.65,-0.0132709,-0.127298,0.206666,-0.44209,-0.0014367,-0.135545
4.66,-0.0145332,-0.125144,-0.119177,0.0941786,-0.0017015,-0.147347
4.67,-0.0157734,-0.12288,0.810143,-0.392899,-0.00391618,-0.139238
4.68,-0.0169904,-0.12051,0.476584,-0.382823,-0.00272357,-0.145763
4.69,-0.0181832,-0.118038,0.753446,0.7365,-0.00250326,-0.153385
4.7,-0.0193508,-0.115465,-0.220223,-0.396795,-0.00382869,-0.141
4.71,-0.0204922,-0.112796,0.483407,-0.188176,-0.00529513,-0.145055
4.72,-0.0216064,-0.110032,0.281738,-0.363908,-0.00536747,-0.14187
4.73,-0.0226926,-0.107179,-0.044172,0.21983,-0.00560926,-0.14569
4.74,-0.0237497,-0.104239,0.349265,0.47654,-0.007836,-0.134271
4.75,-0.0247771,-0.101215,-0.246015,-0.0530586,-0.00943298,-0.122926
4.76,-0.0257737,-0.0981104,0.166904,-0.421641,-0.0113723,-0.116894
4.77,-0.026739,-0.0949297,0.0820715,0.232048,-0.0114709,-0.12006
4.78,-0.0276721,-0.0916761,-0.527024,-0.245378,-0.0130753,-0.108992
4.79,-0.0285723,-0.0883532,-0.552413,0.604474,-0.0152283,-0.111681
4.8,-0.0294389,-0.0849645,0.128769,0.336385,-0.0191058,-0.0970794
4.81,-0.0302714,-0.081514,-0.159048,0.303133,-0.0205328,-0.0894632
4.82,-0.031069,-0.0780053,1.09392,0.146685,-0.0225003,-0.0762625
4.83,-0.0318313,-0.0744423,-0.772602,0.695136,-0.0207753,-0.0677004
4.84,-0.0325577,-0.0708287,0.694844,-0.258175,-0.0248579,-0.0520701
4.85,-0.0332477,-0.0671684,-1.14292,-0.282624,-0.023133,-0.0579124
4.86,-0.0339009,-0.0634652,0.698685,0.166329,-0.0261222,-0.0552369
4.87,-0.0345169,-0.0597232,0.636768,-0.174572,-0.0252593,-0.0555388
4.88,-0.0350953,-0.0559461,-0.291746,0.107513,-0.0238232,-0.0508151
4.89,-0.0356357,-0.0521379,-0.243318,-0.758612,-0.0253203,-0.0466995
4.9,-0.0361379,-0.0483025,-0.68613,-0.641511,-0.0249356,-0.0545508
4.91,-0.0366017,-0.0444438,0.842319,0.471902,-0.0260272,-0.0616208
4.92,-0.0370267,-0.0405657,0.109881,0.837235,-0.025452,-0.0550138
4.93,-0.037413,-0.0366722,-0.0697391,-0.208876,-0.0273617,-0.0364785
4.94,-0.0377602,-0.0327671,0.0776196,0.370541,-0.0274806,-0.0366591
4.95,-0.0380683,-0.0288544,0.171727,0.541199,-0.028351,-0.0275934
4.96,-0.0383372,-0.0249379,0.0344522,-0.302481,-0.0292257,-0.0194563
4.97,-0.038567,-0.0210215,-0.446334,0.174283,-0.0286631,-0.0183266
4.98,-0.0387577,-0.017109,-0.311332,-0.0233866,-0.030255,-0.0086996
4.99,-0.0389092,-0.0132042,-0.551636,-0.184569,-0.0310192,-0.00605345
5,-0.0390218,-0.00931083,-0.249708,0.0186412,-0.0320198,-0.000814401
5.01,-0.0390456,0.00453442,0.441765,-0.344504,-0.0325368,0.0124892
5.02,-0.0389314,0.0182888,0.118439,0.30098,-0.0303869,0.0213653
5.03,-0.0386802,0.0319394,0.0207012,-0.405778,-0.0302847,0.0329286
5.04,-0.038293,0.0454735,-0.724206,0.806495,-0.0288712,0.0397031
5.05,-0.0377711,0.0588786,0.347337,0.67744,-0.0316811,0.0643234
5.06,-0.0371159,0.0721425,-0.187117,0.637956,-0.0311729,0.0859165
5.07,-0.0363288,0.0852529,1.04297,0.335406,-0.0317075,0.107287
5.08,-0.0354114,0.0981982,0.568988,0.389517,-0.0282321,0.121236
5.09,-0.0343654,0.110967,0.173202,0.994904,-0.0259159,0.137828
5.1,-0.0331927,0.123547,-0.132435,-0.135703,-0.0256372,0.160241
5.11,-0.0318952,0.135927,-0.575045,0.125147,-0.0236429,0.168896
5.12,-0.0304749,0.148098,-0.16388,0.438913,-0.0231858,0.184101
5.13,-0.0289339,0.160048,0.938683,0.860989,-0.0221638,0.194742
5.14,-0.0272747,0.171766,0.720252,-0.524806,-0.0189959,0.211329
5.15,-0.0254994,0.183244,-0.116745,0.654769,-0.0134918,0.206536
5.16,-0.0236106,0.19447,0.202675,0.111263,-0.0125287,0.219978
5.17,-0.0216109,0.205437,-0.91488,0.671775,-0.00951148,0.225982
5.18,-0.0195028,0.216134,-0.63205,-0.161034,-0.0103688,0.247038
5.19,-0.0172891,0.226552,-0.229346,0.220493,-0.0086083,0.255662
5.2,-0.0149727,0.236685,-0.165515,-0.364677,-0.00649128,0.264836
5.21,-0.0125564,0.246522,0.144753,0.0809769,-0.00297309,0.263165
5.22,-0.0100433,0.256057,0.161483,0.215021,0.000464612,0.270932
5.23,-0.0074363,0.265282,0.453793,0.490137,0.00369496,0.270401
5.24,-0.00473867,0.27419,1.3838,0.664958,0.0071506,0.27729
5.25,-0.00195358,0.282775,0.15341,0.62629,0.0126981,0.280637
5.26,0.000915719,0.291029,-0.0361363,1.45091,0.0152074,0.289097
5.27,0.00386588,0.298947,-0.163019,0.483297,0.0157158,0.311092
5.28,0.00689352,0.306523,0.275125,0.981693,0.0180991,0.324916
5.29,0.00999519,0.313752,0.516933,1.04741,0.0206979,0.331851
5.3,0.0131674,0.32063,0.570542,-0.250561,0.023915,0.3462
5.31,0.0164066,0.327151,-0.0403052,-0.365485,0.0299911,0.343116
5.32,0.0197092,0.333311,0.760737,0.668409,0.0346605,0.338309
5.33,0.0230716,0.339107,-0.665825,0.0183257,0.0393181,0.350734
5.34,0.0264901,0.344535,-1.14067,-0.275118,0.0416837,0.35122
5.35,0.0299611,0.349592,0.199262,0.995508,0.0434051,0.348558
5.36,0.0334807,0.354276,-0.0559351,0.306278,0.0460007,0.35581
5.37,0.0370453,0.358584,-0.341979,0.0294561,0.0493845,0.355215
5.38,0.0406511,0.362514,-0.26602,1.05223,0.0525388,0.348159
5.39,0.0442943,0.366066,0.167513,1.17306,0.0538458,0.363822
5.4,0.0479712,0.369237,0.516208,-0.223355,0.0562079,0.37933
5.41,0.0516778,0.372028,-0.0803675,0.851911,0.0623731,0.372047
5.42,0.0554105,0.374437,-0.668386,0.381988,0.0647691,0.378307
5.43,0.0591653,0.376465,0.750559,0.334532,0.066637,0.377855
5.44,0.0629385,0.378113,-0.0043313,0.0351207,0.07226,0.377404
5.45,0.0667263,0.37938,0.511949,0.0394308,0.0764849,0.370584
5.46,0.0705248,0.380268,-0.326153,0.11583,0.0819262,0.361483
5.47,0.0743304,0.380779,0.264012,-0.492264,0.0849489,0.356469
5.48,0.0781392,0.380915,-0.501674,1.3602,0.0906052,0.340318
5.49,0.0819474,0.380677,-0.594506,-0.182776,0.0904557,0.353284
5.5,0.0857515,0.380068,0.754197,-0.351897,0.0932316,0.34136
5.51,0.0895476,0.379092,0.169042,0.918294,0.0996913,0.329399
5.52,0.0933321,0.377751,0.171106,0.168583,0.102024,0.341172
5.53,0.0971014,0.376049,0.584312,1.17707,0.105925,0.336003
5.54,0.100852,0.37399,-0.452504,0.143027,0.108849,0.346064
5.55,0.10458,0.371578,0.385989,0.391364,0.111245,0.342757
5.56,0.108282,0.368817,-0.285761,0.454207,0.115261,0.340942
5.57,0.111955,0.365714,0.834634,-0.0343471,0.117366,0.3373
5.58,0.115595,0.362272,0.145896,1.24403,0.123313,0.331814
5.59,0.1192,0.358497,0.298136,0.26318,0.12485,0.339172
5.6,0.122764,0.354395,0.314114,0.420597,0.128811,0.33523
5.61,0.126286,0.349973,-0.807446,-0.398796,0.132442,0.33302
5.62,0.129763,0.345236,0.398088,0.0175693,0.134699,0.312408
5.63,0.13319,0.34019,-0.229086,0.566224,0.139024,0.301033
5.64,0.136565,0.334844,0.0905721,0.129825,0.140524,0.300439
5.65,0.139886,0.329204,0.127903,0.0636319,0.143689,0.29263
5.66,0.143149,0.323277,0.310136,0.622225,0.14698,0.284127
5.67,0.146351,0.31707,0.373095,0.085907,0.149545,0.285135
5.68,0.149489,0.310593,0.230276,0.39927,0.153308,0.275147
5.69,0.152562,0.303852,0.48875,0.187753,0.155968,0.271238
5.7,0.155565,0.296856,-0.287188,0.672151,0.159642,0.262171
5.71,0.158498,0.289614,-0.0382794,1.10147,0.160233,0.258893
5.72,0.161357,0.282133,0.0117605,-0.439432,0.160606,0.264993
5.73,0.16414,0.274424,0.256351,0.690784,0.164208,0.249395
5.74,0.166845,0.266494,0.713872,-0.00377424,0.16604,0.251788
5.75,0.169469,0.258353,0.47994,0.112247,0.170416,0.240625
5.76,0.172011,0.250011,0.525265,0.200137,0.173835,0.234006
5.77,0.174469,0.241476,-0.000582306,0.584853,0.177088,0.22563
5.78,0.17684,0.232758,-0.422663,-0.424234,0.178137,0.225446
5.79,0.179123,0.223867,0.699874,-0.17825,0.18007,0.21073
5.8,0.181317,0.214813,-0.721856,0.813236,0.184201,0.194134
5.81,0.183419,0.205605,0.662564,0.915053,0.182549,0.198459
5.82,0.185428,0.196253,-0.776631,1.18558,0.184276,0.196529
5.83,0.187343,0.186768,0.978151,0.684064,0.181775,0.205451
5.84,0.189163,0.17716,0.390899,0.195804,0.184884,0.203988
5.85,0.190886,0.167438,-0.278244,0.0635063,0.187422,0.197387
5.86,0.192512,0.157614,0.470856,0.158858,0.188406,0.189254
5.87,0.194038,0.147696,0.220156,0.872375,0.191035,0.181962
5.88,0.195465,0.137696,0.128389,0.17777,0.191504,0.182415
5.89,0.196792,0.127624,-0.534087,-0.400711,0.193093,0.171566
5.9,0.198018,0.11749,0.580341,0.57474,0.193978,0.153439
5.91,0.199142,0.107305,0.637147,-0.870175,0.195614,0.150102
5.92,0.200164,0.0970779,0.610092,0.686847,0.200132,0.11795
5.93,0.201083,0.0868199,0.129642,0.125665,0.201207,0.119782
5.94,0.2019,0.0765411,0.158571,-0.454166,0.202134,0.109799
5.95,0.202614,0.0662516,-0.427739,0.750816,0.204138,0.0895658
5.96,0.203225,0.0559616,0.409702,-0.152804,0.201985,0.0826701
5.97,0.203733,0.0456811,1.25336,-0.145424,0.203731,0.0683559
5.98,0.204139,0.0354202,1.3024,0.269053,0.207453,0.0521531
5.99,0.204442,0.0251887,0.642216,0.117692,0.21027,0.0400542
6,0.204642,0.0149964,0.346051,0.1287,0.211538,0.0276177
6.01,0.204742,0.00485316,0.175051,-0.209546,0.211885,0.0180892
6.02,0.20474,-0.0052315,-0.0368997,0.0356591,0.212327,0.00213592
6.03,0.204637,-0.0152481,0.4343,0.572571,0.21158,-0.00572947
6.04,0.204435,-0.0251872,-0.163452,0.399192,0.210874,-0.0101293
6.05,0.204134,-0.0350396,0.136899,-0.331145,0.20894,-0.0130549
6.06,0.203735,-0.0447963,-0.24427,-0.251243,0.2092,-0.0243506
6.07,0.203238,-0.0544482,0.23386,0.460891,0.208163,-0.0372266
6.08,0.202646,-0.0639865,0.461712,1.07464,0.206821,-0.0385062
6.09,0.201959,-0.0734028,0.721032,0.111322,0.204852,-0.0308512
6.1,0.201178,-0.0826885,0.280117,-0.289726,0.205525,-0.0393576
6.11,0.200306,-0.0918353,0.318998,-0.575461,0.205744,-0.0532681
6.12,0.199342,-0.100835,0.677794,-0.824521,0.206444,-0.0729215
6.13,0.198289,-0.10968,-0.209993,0.0580569,0.208334,-0.0944926
6.14,0.197149,-0.118363,0.45952,0.0764235,0.205944,-0.101831
6.15,0.195923,-0.126876,0.500478,0.272157,0.205199,-0.104132
6.16,0.194612,-0.135211,-0.00535785,-0.244689,0.204136,-0.105669
6.17,0.193219,-0.143362,-0.0688736,-0.647598,0.202719,-0.121043
6.18,0.191746,-0.151322,-0.394927,-0.187215,0.20175,-0.141835
6.19,0.190193,-0.159085,0.254704,0.329841,0.198826,-0.150442
6.2,0.188565,-0.166643,0.438441,-0.642211,0.196462,-0.152738
6.21,0.186861,-0.173991,-0.345298,-0.50495,0.196457,-0.169385
6.22,0.185085,-0.181124,0.483368,0.14724,0.193988,-0.179437
6.23,0.183239,-0.188034,-0.509732,-0.79274,0.192256,-0.181684
6.24,0.181325,-0.194718,0.945411,-0.471012,0.189788,-0.196238
6.25,0.179346,-0.201169,-0.00514079,0.646969,0.190292,-0.204607
6.26,0.177303,-0.207383,0.481988,-0.0329877,0.186002,-0.202616
6.27,0.175199,-0.213356,0.0529021,0.325119,0.184365,-0.207023
6.28,0.173037,-0.219083,0.678702,-0.553883,0.180862,-0.206961
6.29,0.170818,-0.22456,0.938103,0.163668,0.180744,-0.215036
6.3,0.168546,-0.229783,0.688174,-0.984344,0.179713,-0.223726
6.31,0.166223,-0.234749,-0.527642,-0.795163,0.180186,-0.249127
6.32,0.163852,-0.239454,-0.0691076,0.314442,0.176914,-0.261067
6.33,0.161435,-0.243896,0.253306,-0.340016,0.172538,-0.253748
6.34,0.158975,-0.248071,0.914604,-0.849738,0.170364,-0.257951
6.35,0.156475,-0.251978,0.545808,0.116533,0.17081,-0.27586
6.36,0.153936,-0.255614,-0.516699,-0.365856,0.168254,-0.270701
6.37,0.151363,-0.258977,-0.443271,-0.946808,0.163919,-0.27924
6.38,0.148758,-0.262066,0.537138,-0.267557,0.160878,-0.288365
6.39,0.146123,-0.26488,-0.657086,-0.214166,0.158878,-0.295961
6.4,0.143461,-0.267417,-0.00270449,0.318974,0.153635,-0.297727
6.41,0.140775,-0.269676,-0.391302,0.0408716,0.14905,-0.28898
6.42,0.138069,-0.271658,0.129116,0.286975,0.144083,-0.290035
6.43,0.135343,-0.273362,0.3069,-0.407568,0.14004,-0.278729
6.44,0.132602,-0.274788,0.519584,-0.683183,0.13792,-0.28397
6.45,0.129848,-0.275936,0.471563,-0.402131,0.136841,-0.292007
6.46,0.127084,-0.276807,0.0212825,0.0689368,0.135019,-0.292175
6.47,0.124313,-0.277402,-0.0529596,-0.794014,0.13108,-0.290124
6.48,0.121537,-0.277723,0.191046,-0.0875768,0.128715,-0.295096
6.49,0.11876,-0.277769,1.22147,-0.127658,0.125558,-0.287568
6.5,0.115983,-0.277544,-0.401331,-0.407596,0.125177,-0.289664
6.51,0.11321,-0.277048,-0.574537,-0.459432,0.121192,-0.286518
6.52,0.110443,-0.276285,0.696325,-0.822028,0.116846,-0.293236
6.53,0.107685,-0.275257,0.125199,-0.596661,0.116456,-0.300775
6.54,0.104938,-0.273965,0.268306,-0.187505,0.114035,-0.308557
6.55,0.102206,-0.272414,0.729232,-0.315469,0.111143,-0.3032
6.56,0.0994911,-0.270607,-1.02527,-1.16232,0.109759,-0.300809
6.57,0.0967951,-0.268545,0.109408,0.276312,0.105579,-0.304132
6.58,0.094121,-0.266235,0.260958,0.714016,0.101463,-0.289158
6.59,0.0914712,-0.263678,0.986769,0.0407217,0.0970371,-0.272627
6.6,0.0888482,-0.260879,0.34739,-0.575298,0.0959845,-0.27064
6.61,0.0862544,-0.257843,-0.147371,-0.0637667,0.0945561,-0.271691
6.62,0.0836922,-0.254573,0.122741,-0.448713,0.0908338,-0.265708
6.63,0.0811637,-0.251075,0.325652,-0.494261,0.0886771,-0.260941
6.64,0.0786714,-0.247354,-0.801958,-0.192244,0.0871135,-0.268708
6.65,0.0762174,-0.243414,-0.0213875,0.0738674,0.0820685,-0.255801
6.66,0.0738038,-0.23926,0.202117,-0.696947,0.0786434,-0.245283
6.67,0.0714329,-0.234898,0.0197251,-0.0999637,0.0774068,-0.251118
6.68,0.0691066,-0.230334,0.042041,-0.00213026,0.0745025,-0.242385
6.69,0.0668269,-0.225573,-0.403505,0.220662,0.0715898,-0.230363
6.7,0.0645957,-0.220621,0.172762,-0.927781,0.0672224,-0.21771
6.71,0.062415,-0.215485,-0.371169,-0.199336,0.0667058,-0.229514
6.72,0.0602866,-0.21017,-0.680493,0.114403,0.0632599,-0.224197
6.73,0.0582122,-0.204682,0.620108,-0.409934,0.0585089,-0.209113
6.74,0.0561935,-0.199029,-0.195409,0.312578,0.0583096,-0.206189
6.75,0.0542322,-0.193216,-0.214804,-1.09462,0.0546219,-0.192652
6.76,0.0523297,-0.187251,-0.616647,0.545951,0.0538413,-0.196082
6.77,0.0504877,-0.181139,0.444977,-0.225544,0.0487686,-0.175159
6.78,0.0487074,-0.174889,-0.295544,-0.725309,0.0482007,-0.167897
6.79,0.0469903,-0.168507,-0.203653,-0.284935,0.0467676,-0.170773
6.8,0.0453377,-0.162,-0.524577,0.257155,0.044678,-0.16717
6.81,0.0437507,-0.155375,0.323741,0.524984,0.0407267,-0.158201
6.82,0.0422305,-0.14864,0.26165,-0.476337,0.0385835,-0.142132
6.83,0.0407783,-0.141801,-0.418914,-0.455598,0.0384629,-0.137757
6.84,0.0393949,-0.134866,-0.154039,0.0755936,0.0365796,-0.135354
6.85,0.0380812,-0.127843,0.631569,0.198674,0.0343874,-0.123173
6.86,0.0368383,-0.120739,-0.832539,-0.689963,0.0341405,-0.108633
6.87,0.0356667,-0.113561,1.24302,0.488123,0.032025,-0.107461
6.88,0.0345673,-0.106316,-0.0694868,-0.287975,0.0329644,-0.091784
6.89,0.0335406,-0.0990131,-0.434459,-0.618813,0.0321905,-0.0915624
6.9,0.0325872,-0.0916589,-0.4117,0.0813973,0.0311532,-0.0924249
6.91,0.0317075,-0.0842609,0.290823,0.527374,0.0288431,-0.076106
6.92,0.0309021,-0.0768267,0.217049,-0.762287,0.0276328,-0.0594914
6.93,0.0301711,-0.0693639,0.511455,0.392588,0.0289954,-0.0572173
6.94,0.0295149,-0.0618798,0.394494,-0.116595,0.0288217,-0.0460989
6.95,0.0289336,-0.0543819,-0.556044,-0.24899,0.0294968,-0.0398261
6.96,0.0284273,-0.0468777,-0.145806,-0.826292,0.0280459,-0.0358421
6.97,0.027996,-0.0393745,0.275678,-0.0415936,0.0288521,-0.0384487
6.98,0.0276397,-0.0318797,0.480177,0.456277,0.0291803,-0.0289114
6.99,0.0273584,-0.0244004,0.170937,0.213971,0.0291665,-0.0132793
7,0.0271517,-0.0169441,0.235126,0.204246,0.0290269,0.000259496
7.01,0.0270194,-0.00951768,0.101549,-0.0616884,0.0292097,0.00996496
7.02,0.0269612,-0.00212836,0.388725,0.143295,0.0296799,0.0150683
7.03,0.0269767,0.00521689,-0.290747,-0.0693444,0.0305124,0.0177352
7.04,0.0270653,0.0125112,-0.397216,0.00430524,0.0300954,0.0257673
7.05,0.0272267,0.0197477,-0.93958,0.606395,0.0293473,0.0335542
7.06,0.0274601,0.0269197,0.479531,0.190804,0.0261171,0.0507993
7.07,0.0277648,0.0340206,-0.0306033,-0.080893,0.0275606,0.0584336
7.08,0.0281402,0.0410438,0.516975,-0.229225,0.0283135,0.0630685
7.09,0.0285854,0.0479831,0.285899,0.0140765,0.0308123,0.0635639
7.1,0.0290996,0.0548322,0.134536,-1.03364,0.0322327,0.0670941
7.11,0.0296818,0.0615848,0.0215201,0.144663,0.0353669,0.0570068
7.12,0.030331,0.0682351,0.58668,-0.204963,0.0357817,0.0659145
7.13,0.0310461,0.0747771,-0.954237,0.608988,0.0384102,0.0642208
7.14,0.0318261,0.0812051,0.456012,-0.275653,0.035465,0.0789731
7.15,0.0326698,0.0875136,0.0482565,0.0227881,0.0380643,0.0779492
7.16,0.033576,0.0936971,-0.0609364,-0.212015,0.0390158,0.0827316
7.17,0.0345433,0.0997504,-0.0179599,0.417063,0.0401966,0.0835154
7.18,0.0355705,0.105668,-0.102417,0.0935227,0.0402804,0.0961892
7.19,0.0366562,0.111446,0.343868,0.368284,0.0408795,0.0965995
7.2,0.037799,0.117079,0.0213521,0.0844011,0.0420953,0.10084
7.21,0.0389973,0.122561,-0.41502,-0.354623,0.0431202,0.106324
7.22,0.0402497,0.12789,-0.439892,0.14622,0.0439262,0.103233
7.23,0.0415546,0.133061,0.204463,0.504013,0.0436821,0.112486
7.24,0.0429104,0.138069,0.427605,-0.232688,0.0445118,0.126677
7.25,0.0443154,0.142911,-0.908032,0.233114,0.0475012,0.125828
7.26,0.045768,0.147583,0.186658,-0.350826,0.0460977,0.130426
7.27,0.0472665,0.152081,-0.0271424,-0.0129316,0.0487561,0.13055
7.28,0.048809,0.156403,-0.493418,0.135884,0.0501782,0.13337
7.29,0.0503939,0.160544,0.558198,1.07419,0.0501026,0.133959
7.3,0.0520193,0.164503,1.00411,0.00798801,0.0509047,0.147164
7.31,0.0536834,0.168276,0.36167,0.414009,0.0551563,0.151812
7.32,0.0553842,0.171861,0.558409,0.338446,0.0570001,0.162931
7.33,0.05712,0.175256,-0.30038,0.890405,0.0595389,0.160082
7.34,0.0588887,0.178458,-0.182675,0.310173,0.0587739,0.170808
7.35,0.0606885,0.181466,0.201137,-0.586622,0.0596308,0.179987
7.36,0.0625173,0.184277,0.0565316,-0.0849928,0.063309,0.170767
7.37,0.0643733,0.186891,0.304266,0.309144,0.0655288,0.171622
7.38,0.0662545,0.189305,0.727293,-0.000402544,0.0676009,0.175445
7.39,0.0681588,0.191519,-0.153524,-0.228928,0.0714202,0.175633
7.4,0.0700842,0.193533,0.142832,0.488698,0.0733977,0.171657
7.41,0.0720288,0.195344,-0.310923,0.837206,0.0746703,0.176644
7.42,0.0739904,0.196953,0.166227,0.117076,0.0741827,0.192282
7.43,0.0759671,0.198359,-0.462989,0.653418,0.0764987,0.192975
7.44,0.0779569,0.199563,-0.0809434,0.46639,0.0761589,0.204297
7.45,0.0799577,0.200564,0.352867,0.544709,0.0772918,0.210248
7.46,0.0819675,0.201363,-0.496519,0.310938,0.0794397,0.214317
7.47,0.0839843,0.20196,0.56606,0.113666,0.0799484,0.222668
7.48,0.0860061,0.202355,0.776739,0.541885,0.0836447,0.22179
7.49,0.0880307,0.20255,0.510734,0.463672,0.0870071,0.224542
7.5,0.0900564,0.202546,0.625324,0.509588,0.0898963,0.231305
7.51,0.092081,0.202344,0.129236,-0.787441,0.0930042,0.230061
7.52,0.0941026,0.201945,0.440171,0.341696,0.0974263,0.22065
7.53,0.0961193,0.201352,0.597971,0.344162,0.100261,0.220257
7.54,0.098129,0.200565,0.201664,0.484206,0.103458,0.215956
7.55,0.10013,0.199587,-1.39876,0.412141,0.105371,0.224224
7.56,0.10212,0.19842,0.643579,0.069805,0.10335,0.2268
7.57,0.104098,0.197066,0.38094,-0.224026,0.107302,0.222453
7.58,0.106061,0.195528,-0.070133,-0.00935748,0.111099,0.215304
7.59,0.108008,0.193808,-0.0761666,0.0338319,0.11323,0.213579
7.6,0.109936,0.191909,0.122926,-0.454116,0.115214,0.209621
7.61,0.111845,0.189835,0.59274,-0.553112,0.11859,0.194744
7.62,0.113733,0.187588,0.442104,-0.052874,0.123198,0.180125
7.63,0.115596,0.185172,-0.328656,0.320876,0.126238,0.171385
7.64,0.117435,0.182589,0.835714,0.173656,0.126467,0.17187
7.65,0.119248,0.179845,0.818001,-0.118232,0.130012,0.172066
7.66,0.121032,0.176941,0.598477,-0.266848,0.134054,0.164769
7.67,0.122786,0.173883,0.50217,0.346455,0.137711,0.153695
7.68,0.124509,0.170673,-0.280002,0.207149,0.139789,0.153773
7.69,0.126199,0.167317,-0.00934831,0.751627,0.140124,0.153267
7.7,0.127855,0.163818,-0.132708,-0.228675,0.140042,0.15471
7.71,0.129475,0.160181,0.0528899,0.510123,0.141601,0.144796
7.72,0.131058,0.15641,-0.274621,0.432641,0.142125,0.153755
7.73,0.132603,0.152509,0.605153,0.464776,0.142035,0.15773
7.74,0.134108,0.148484,-0.459665,0.352275,0.144152,0.155072
7.75,0.135572,0.144339,0.128497,-0.339413,0.143712,0.152319
7.76,0.136994,0.140078,0.296277,0.520252,0.146105,0.137795
7.77,0.138373,0.135707,0.160141,0.527339,0.1471,0.140899
7.78,0.139708,0.131231,0.894152,0.360087,0.147781,0.146515
7.79,0.140997,0.126654,0.889605,-0.255861,0.150718,0.144759
7.8,0.142241,0.121982,-0.0417524,0.313753,0.154809,0.131998
7.81,0.143437,0.11722,0.3799,0.205455,0.155213,0.127831
7.82,0.144585,0.112373,-1.0692,-0.196793,0.156879,0.123632
7.83,0.145684,0.107446,-0.211863,-0.886983,0.155526,0.112458
7.84,0.146733,0.102446,-0.0709509,0.17238,0.157573,0.085923
7.85,0.147733,0.0973757,0.211163,0.245838,0.157668,0.0868525
7.86,0.148681,0.0922422,0.124645,-0.0303964,0.158297,0.0801273
7.87,0.149577,0.0870507,0.513143,-0.359856,0.159177,0.0715324
7.88,0.150422,0.0818064,-0.327762,-0.344863,0.161616,0.0602709
7.89,0.151213,0.0765149,-0.714824,-0.34995,0.16174,0.0533162
7.9,0.151952,0.0711816,0.229729,-0.143571,0.160769,0.0435275
7.91,0.152637,0.065812,0.0769455,0.385161,0.161678,0.0308637
7.92,0.153268,0.0604115,-0.717853,0.118131,0.161027,0.0295774
7.93,0.153845,0.0549858,0.504335,-0.163693,0.158833,0.0246653
7.94,0.154368,0.0495401,0.0869118,0.528562,0.160295,0.0153386
7.95,0.154836,0.04408,0.0488464,-0.281562,0.159242,0.0214645
7.96,0.155249,0.0386109,0.673924,0.195712,0.15967,0.0034945
7.97,0.155608,0.0331382,-0.0129533,0.788882,0.160602,-0.0014185
7.98,0.155912,0.0276672,0.338529,0.270264,0.158546,0.0039123
7.99,0.156161,0.0222034,0.15406,0.583169,0.158461,-0.00172714
8,0.156356,0.016752,-0.0928677,0.216209,0.157263,0.00364714
8.01,0.156496,0.0113182,-0.319354,-0.303194,0.156172,-0.00234269
8.02,0.156582,0.00590734,-0.211527,0.143231,0.155449,-0.0152717
8.03,0.156615,0.00052446,0.0831913,-0.0582407,0.154026,-0.0145306
8.04,0.156593,-0.00482532,0.609204,0.205364,0.153783,-0.015325
8.05,0.156518,-0.010137,-0.864984,0.846148,0.154333,-0.0179541
8.06,0.15639,-0.0154056,-0.441925,0.0916164,0.149782,-0.0113995
8.07,0.15621,-0.0206262,0.402875,0.618587,0.147899,-0.0153817
8.08,0.155978,-0.025794,0.336767,-0.131624,0.147153,-0.00734287
8.09,0.155695,-0.0309043,-0.239649,0.483521,0.147782,-0.0135649
8.1,0.15536,-0.0359526,0.100273,-0.125776,0.145646,-0.00981394
8.11,0.154976,-0.0409341,0.655525,-0.104302,0.145636,-0.0146772
8.12,0.154542,-0.0458445,0.0193716,-0.422676,0.146946,-0.0212773
8.13,0.154059,-0.0506794,0.254016,0.397899,0.147195,-0.0265855
8.14,0.153528,-0.0554346,0.147445,-0.0230663,0.146328,-0.0267844
8.15,0.152951,-0.0601058,0.804701,-0.0698575,0.146009,-0.0335076
8.16,0.152327,-0.0646891,0.860171,0.312066,0.14738,-0.0436689
8.17,0.151657,-0.0691806,0.274498,-0.231392,0.148041,-0.0453641
8.18,0.150943,-0.0735763,-0.0715448,0.0863581,0.148224,-0.0559951
8.19,0.150186,-0.0778726,-0.157722,-0.452333,0.146798,-0.0567894
8.2,0.149386,-0.082066,0.313618,-0.043573,0.146195,-0.0661448
8.21,0.148545,-0.0861529,0.85874,0.19952,0.145871,-0.0732985
8.22,0.147664,-0.0901301,-0.426084,-0.487148,0.146425,-0.0724212
8.23,0.146743,-0.0939943,-0.26553,-0.0426233,0.145048,-0.0767654
8.24,0.145784,-0.0977424,-0.213491,0.467794,0.143142,-0.077971
8.25,0.144788,-0.101372,-0.807766,-0.308505,0.1403,-0.0802407
8.26,0.143757,-0.104879,-0.463292,-0.468622,0.13753,-0.078887
8.27,0.142691,-0.108262,0.0251709,-0.200066,0.135957,-0.0842825
8.28,0.141592,-0.111518,-0.280302,0.456726,0.135081,-0.0824897
8.29,0.140461,-0.114644,-0.362163,-0.430961,0.132142,-0.0726603
8.3,0.1393,-0.117639,0.161065,-0.628252,0.130858,-0.0756168
8.31,0.138109,-0.1205,0.566028,0.119017,0.13125,-0.0858073
8.32,0.13689,-0.123226,0.306867,0.780073,0.13109,-0.0865822
8.33,0.135645,-0.125814,-0.364617,-0.94439,0.128976,-0.0746966
8.34,0.134374,-0.128263,0.146593,0.224544,0.128632,-0.0913918
8.35,0.13308,-0.130571,-0.440774,-0.252174,0.127144,-0.0871963
8.36,0.131763,-0.132737,0.73822,-0.323441,0.125067,-0.0986212
8.37,0.130426,-0.134759,-0.224912,-0.0946612,0.126089,-0.104713
8.38,0.129069,-0.136638,-0.25524,-0.382914,0.12414,-0.101333
8.39,0.127694,-0.138371,0.638584,0.283929,0.122696,-0.106089
8.4,0.126302,-0.139957,0.290663,-0.144021,0.12223,-0.0970461
8.41,0.124895,-0.141397,-0.150687,-0.00583662,0.121772,-0.100227
8.42,0.123474,-0.14269,-0.101073,0.0316726,0.1199,-0.096381
8.43,0.122042,-0.143835,0.371896,-0.48925,0.118094,-0.0978012
8.44,0.120598,-0.144833,-0.442324,-0.0136228,0.118551,-0.10223
8.45,0.119145,-0.145682,-0.332164,-0.179207,0.115914,-0.0999753
8.46,0.117685,-0.146384,-0.378564,-0.0226358,0.113911,-0.101682
8.47,0.116218,-0.146938,-0.259363,0.180485,0.111416,-0.107974
8.48,0.114747,-0.147345,-0.611509,-0.0873357,0.108815,-0.103809
8.49,0.113272,-0.147606,0.185525,-0.0971653,0.1059,-0.101461
8.5,0.111795,-0.14772,0.22324,-0.415318,0.105104,-0.0986902
8.51,0.110318,-0.147689,0.298807,0.586209,0.105079,-0.0985901
8.52,0.108842,-0.147514,0.97817,0.0525507,0.103302,-0.0817912
8.53,0.107368,-0.147196,-0.61842,-0.690081,0.104503,-0.0771627
8.54,0.105898,-0.146736,-0.107424,0.209113,0.103063,-0.0866397
8.55,0.104434,-0.146136,0.402479,0.130539,0.101075,-0.0821694
8.56,0.102976,-0.145396,0.312969,-0.287419,0.100635,-0.0765741
8.57,0.101526,-0.144519,-0.348621,-0.446594,0.100846,-0.0779821
8.58,0.100086,-0.143505,-0.0501684,-0.243795,0.0996731,-0.0770878
8.59,0.0986567,-0.142358,0.292179,-0.408082,0.0989043,-0.0709316
8.6,0.0972394,-0.141079,-0.127774,-0.406888,0.099408,-0.0686884
8.61,0.0958356,-0.13967,0.741611,-0.22568,0.0988378,-0.068102
8.62,0.0944465,-0.138133,0.400081,0.0150881,0.100136,-0.0693912
8.63,0.0930733,-0.13647,-0.172632,-0.0380523,0.100084,-0.0638611
8.64,0.0917175,-0.134685,-0.606334,0.249587,0.0987357,-0.0571747
8.65,0.09038,-0.132779,-0.548255,0.0220365,0.0957545,-0.0508577
8.66,0.0890623,-0.130755,-0.0174991,-0.386694,0.093444,-0.049201
8.67,0.0877653,-0.128616,-0.365592,-0.719388,0.0933193,-0.0554039
8.68,0.0864903,-0.126364,0.0644083,-0.170067,0.0928746,-0.0662237
8.69,0.0852384,-0.124003,-0.0502514,0.507333,0.0923229,-0.070741
8.7,0.0840106,-0.121535,0.461197,0.0520921,0.0901355,-0.059419
8.71,0.0828081,-0.118964,0.304274,-0.430413,0.0902676,-0.0600066
8.72,0.0816317,-0.116293,0.994728,-0.0989117,0.0909371,-0.067023
8.73,0.0804825,-0.113524,0.501897,-0.0445123,0.0926803,-0.0656015
8.74,0.0793615,-0.110662,-0.578799,0.872996,0.09305,-0.0641896
8.75,0.0782696,-0.10771,-0.0389781,0.130221,0.0888683,-0.0458751
8.76,0.0772076,-0.104671,0.410562,-0.865025,0.0877785,-0.0371235
8.77,0.0761764,-0.101548,-0.320017,0.134716,0.0898873,-0.0461728
8.78,0.0751769,-0.0983454,-0.460632,-0.391555,0.0880629,-0.0364151
8.79,0.0742098,-0.0950667,-0.495165,-0.0285433,0.0869964,-0.0389694
8.8,0.0732758,-0.0917156,-0.176318,0.462218,0.085138,-0.0309726
8.81,0.0723757,-0.0882957,-0.684363,-0.0369955,0.0832132,-0.0199515
8.82,0.0715101,-0.0848107,0.903633,0.296372,0.0810916,-0.016254
8.83,0.0706797,-0.0812647,0.454975,-0.387391,0.0824796,-0.00641295
8.84,0.069885,-0.0776613,0.83992,-0.439073,0.0841127,-0.0137811
8.85,0.0691266,-0.0740044,0.0314447,-0.393973,0.0868069,-0.0137006
8.86,0.0684051,-0.0702981,-0.163212,-0.299858,0.0872763,-0.0187585
8.87,0.0677208,-0.0665461,0.175521,-0.0541486,0.0869791,-0.0248289
8.88,0.0670743,-0.0627525,-0.106701,-0.0966619,0.087042,-0.0218198
8.89,0.0664659,-0.0589212,-0.329236,0.332618,0.0864756,-0.0221827
8.9,0.065896,-0.0550563,0.0312218,-0.211127,0.0845477,-0.0080006
8.91,0.0653649,-0.0511616,0.34914,-0.20996,0.0847307,-0.0106311
8.92,0.0648729,-0.0472412,-0.298036,0.212102,0.0857133,-0.0115055
8.93,0.0644201,-0.0432991,0.238261,0.493205,0.084155,-0.0101086
8.94,0.0640069,-0.0393393,-0.0288485,0.285928,0.0834965,0.00161841
8.95,0.0636334,-0.0353658,-0.718981,-0.336886,0.0826633,0.00555478
8.96,0.0632996,-0.0313824,0.424006,0.374177,0.0813555,0.00583602
8.97,0.0630058,-0.0273933,0.155154,-0.123767,0.0815786,0.0114342
8.98,0.0627518,-0.0234023,-0.570034,-0.106211,0.0821147,0.00474645
8.99,0.0625377,-0.0194133,-1.09715,-0.731736,0.0807186,0.00660258
9,0.0623635,-0.0154302,-0.513624,-0.267039,0.0792163,-0.000161359
9.01,0.0622291,-0.011457,-1.11458,1.00741,0.0782473,0.00182391
9.02,0.0621343,-0.00749732,0.195369,0.423021,0.0732827,0.0266917
9.03,0.0620791,-0.00355506,0.191204,1.05353,0.0731478,0.0410548
9.04,0.0620631,0.000366061,-0.586715,-0.138217,0.0719175,0.0615495
9.05,0.0620863,0.00426234,-0.0795701,-0.798154,0.0712525,0.0631187
9.06,0.0621483,0.00813012,0.433034,-0.219258,0.0731653,0.0482989
9.07,0.0622488,0.0119658,-0.197957,-0.0395411,0.0751172,0.0465655
9.08,0.0623875,0.0157658,0.526702,0.395771,0.0750688,0.048719
9.09,0.062564,0.0195267,0.101189,-0.237751,0.0760487,0.0548119
9.1,0.0627779,0.023245,-0.0684967,-0.171664,0.0772611,0.0543659
9.11,0.0630287,0.0269173,0.113624,0.0579066,0.0779095,0.0566792
9.12,0.0633161,0.0305404,-0.10196,0.369576,0.0785601,0.0560269
9.13,0.0636394,0.034111,-0.438812,-0.00489296,0.0780367,0.0604854
9.14,0.0639981,0.037626,-0.464583,0.296642,0.0774496,0.0619614
9.15,0.0643917,0.0410822,0.438036,0.196834,0.0762156,0.0666627
9.16,0.0648195,0.0444767,0.372441,-0.491368,0.0775345,0.0648956
9.17,0.065281,0.0478064,0.252961,0.508088,0.0800195,0.0546068
9.18,0.0657754,0.0510686,0.547144,-0.117529,0.0801074,0.0591549
9.19,0.0663021,0.0542606,0.33121,0.311757,0.0822821,0.0609903
9.2,0.0668604,0.0573795,0.573122,-0.242365,0.0830878,0.0711271
9.21,0.0674495,0.0604228,1.05092,0.180011,0.0856556,0.0633011
9.22,0.0680686,0.0633881,0.575424,-0.0283859,0.0885603,0.066049
9.23,0.068717,0.0662728,-0.294602,0.44993,0.0906806,0.0672094
9.24,0.0693938,0.0690748,0.431183,0.866044,0.0895839,0.0698464
9.25,0.0700982,0.0717917,0.206641,-0.404573,0.0896105,0.0826286
9.26,0.0708293,0.0744214,-0.0638961,0.0992755,0.0917483,0.0834237
9.27,0.0715863,0.0769619,-0.0703349,1.21594,0.0921672,0.0865025
9.28,0.0723683,0.0794113,0.64574,0.674867,0.0904008,0.103767
9.29,0.0731742,0.0817678,0.12544,0.422457,0.0917374,0.110134
9.3,0.0740033,0.0840295,-0.299847,0.225771,0.0922694,0.10884
9.31,0.0748545,0.086195,0.0288465,0.936319,0.0921302,0.113073
9.32,0.0757269,0.0882627,-0.17925,0.445253,0.0915295,0.132077
9.33,0.0766194,0.0902312,0.353214,0.00263956,0.0915216,0.135019
9.34,0.0775312,0.0920991,0.0021356,0.68949,0.0937584,0.126578
9.35,0.0784611,0.0938653,-0.211194,0.0308823,0.0936697,0.133288
9.36,0.0794081,0.0955287,0.115661,-0.0368361,0.0944345,0.134963
9.37,0.0803713,0.0970883,-0.279631,0.581692,0.0961607,0.130784
9.38,0.0813495,0.0985432,-0.169933,0.215875,0.0955973,0.135586
9.39,0.0823418,0.0998927,-0.511828,0.570001,0.0961086,0.137112
9.4,0.0833471,0.101136,-0.0772127,1.0809,0.0950694,0.145314
9.41,0.0843642,0.102273,0.188175,-0.514224,0.0942139,0.155405
9.42,0.0853921,0.103302,0.343362,-0.018531,0.0973084,0.143984
9.43,0.0864299,0.104225,-0.983181,0.0707234,0.0996805,0.138958
9.44,0.0874763,0.105039,-0.093295,-0.461533,0.0983973,0.137338
9.45,0.0885303,0.105746,0.146405,0.125539,0.100419,0.124796
9.46,0.0895908,0.106345,0.65918,0.208154,0.101797,0.12696
9.47,0.0906568,0.106836,-0.132175,-0.839432,0.104317,0.12429
9.48,0.0917272,0.107219,0.139651,-0.27985,0.106783,0.102716
9.49,0.0928009,0.107496,0.627977,0.200675,0.108638,0.0964534
9.5,0.0938767,0.107665,-0.325689,0.229251,0.110738,0.0980058
9.51,0.0949538,0.107728,0.158396,0.625651,0.110309,0.0969084
9.52,0.096031,0.107686,0.0449198,-0.390845,0.110343,0.101748
9.53,0.0971072,0.107538,0.0267616,0.15122,0.112128,0.0908175
9.54,0.0981814,0.107286,-0.620652,0.0408628,0.112678,0.0892544
9.55,0.0992526,0.106931,-0.303145,0.436255,0.11179,0.0917566
9.56,0.10032,0.106474,0.120942,0.0883294,0.110952,0.0959475
9.57,0.101382,0.105915,0.0786399,-0.421199,0.111957,0.0969146
9.58,0.102438,0.105256,-1.07096,-0.522523,0.113819,0.0844137
9.59,0.103486,0.104498,-0.442414,-0.545377,0.112781,0.0745203
9.6,0.104527,0.103643,0.19482,0.110049,0.11332,0.0675137
9.61,0.105559,0.102692,-0.242337,0.172542,0.114091,0.0639649
9.62,0.106581,0.101647,-0.460502,0.093461,0.113611,0.0678769
9.63,0.107592,0.100508,0.162746,0.278161,0.112738,0.0658695
9.64,0.108591,0.0992785,0.583636,0.392866,0.113091,0.0665572
9.65,0.109577,0.0979594,-0.0994661,-0.121521,0.114352,0.074316
9.66,0.11055,0.0965528,1.01987,-0.288078,0.114905,0.0686885
9.67,0.111508,0.0950606,0.149679,0.344088,0.118606,0.0601904
9.68,0.11245,0.0934848,-0.442817,0.377424,0.11873,0.0643983
9.69,0.113377,0.0918273,0.187733,-0.135678,0.117307,0.0689624
9.7,0.114287,0.0900904,0.396504,0.235167,0.118568,0.064539
9.71,0.115179,0.0882763,-0.177335,-0.0717864,0.119577,0.0644116
9.72,0.116052,0.0863872,0.59249,-0.317038,0.119679,0.0567356
9.73,0.116906,0.0844254,-0.166781,0.558759,0.122185,0.0490706
9.74,0.11774,0.0823933,0.155656,0.851087,0.120903,0.0529133
9.75,0.118554,0.0802933,0.080696,-0.0481047,0.11996,0.0653305
9.76,0.119346,0.0781279,0.23471,0.312361,0.120748,0.065757
9.77,0.120116,0.0758997,-0.335846,0.197283,0.121159,0.0614706
9.78,0.120864,0.0736111,-0.123067,-0.681537,0.120346,0.0664559
9.79,0.121588,0.0712648,0.0996598,0.582054,0.121821,0.0519615
9.8,0.122289,0.0688636,0.19445,0.215012,0.121227,0.0574784
9.81,0.122965,0.0664099,-0.0535935,0.794925,0.121645,0.0546848
9.82,0.123617,0.0639067,-0.283063,-0.170229,0.12028,0.0647175
9.83,0.124243,0.0613566,0.137157,0.0446501,0.120335,0.0599129
9.84,0.124844,0.0587624,0.0874563,0.0354985,0.121014,0.0608206
9.85,0.125418,0.0561269,-0.735239,0.79024,0.121551,0.0559579
9.86,0.125966,0.0534531,1.05722,1.24908,0.118492,0.0718018
9.87,0.126487,0.0507436,-0.391082,0.478653,0.119319,0.0880338
9.88,0.126981,0.0480015,0.366863,-0.0512025,0.118107,0.0930555
9.89,0.127447,0.0452295,0.264714,0.346831,0.119938,0.0876215
9.9,0.127886,0.0424306,0.806541,-0.941265,0.120654,0.088054
9.91,0.128296,0.0396078,0.88647,-0.726218,0.125286,0.0677778
9.92,0.128678,0.0367638,-0.328924,-0.0109322,0.129456,0.0519267
9.93,0.129031,0.0339016,-0.226247,0.65572,0.128893,0.0482167
9.94,0.129356,0.0310241,0.452555,-0.461931,0.127239,0.0533355
9.95,0.129651,0.0281343,-0.256004,-0.351961,0.129599,0.042542
9.96,0.129918,0.025235,0.614934,1.02688,0.129764,0.0316999
9.97,0.130156,0.0223291,0.349264,0.228079,0.129368,0.0441409
9.98,0.130365,0.0194196,0.777453,0.562457,0.129988,0.0429095
9.99,0.130545,0.0165092,0.193574,-0.371672,0.131059,0.0487973
10,0.130695,0.0136009,0.211454,0.554401,0.132528,0.0421633
